Ticker,Title,CIK,AccessionNumber,Form,Date
XOM,EXXON MOBIL CORP,0000034088,000095010324006564,8-K,2024-05-10
XOM,EXXON MOBIL CORP,0000034088,000095010324006322,8-K,2024-05-03
XOM,EXXON MOBIL CORP,0000034088,000003408824000029,10-Q,2024-04-29
XOM,EXXON MOBIL CORP,0000034088,000003408824000025,8-K,2024-04-26
XOM,EXXON MOBIL CORP,0000034088,000003408824000021,8-K,2024-04-03
XOM,EXXON MOBIL CORP,0000034088,000003408824000018,10-K,2024-02-28
XOM,EXXON MOBIL CORP,0000034088,000003408824000015,8-K,2024-02-28
XOM,EXXON MOBIL CORP,0000034088,000003408824000007,8-K,2024-02-02
XOM,EXXON MOBIL CORP,0000034088,000003408824000003,8-K,2024-01-04
XOM,EXXON MOBIL CORP,0000034088,000095010323017257,8-K,2023-12-06
XOM,EXXON MOBIL CORP,0000034088,000003408823000062,8-K,2023-11-15
XOM,EXXON MOBIL CORP,0000034088,000003408823000059,8-K,2023-11-07
XOM,EXXON MOBIL CORP,0000034088,000119312523268938,8-K,2023-11-02
XOM,EXXON MOBIL CORP,0000034088,000003408823000056,10-Q,2023-10-31
XOM,EXXON MOBIL CORP,0000034088,000003408823000054,8-K,2023-10-27
XOM,EXXON MOBIL CORP,0000034088,000119312523260004,8-K,2023-10-20
XOM,EXXON MOBIL CORP,0000034088,000095010323014885,8-K,2023-10-11
XOM,EXXON MOBIL CORP,0000034088,000003408823000051,8-K,2023-10-04
XOM,EXXON MOBIL CORP,0000034088,000003408823000048,10-Q,2023-08-01
XOM,EXXON MOBIL CORP,0000034088,000003408823000046,8-K,2023-07-28
XOM,EXXON MOBIL CORP,0000034088,000095010323010291,8-K,2023-07-13
XOM,EXXON MOBIL CORP,0000034088,000003408823000043,8-K,2023-07-05
XOM,EXXON MOBIL CORP,0000034088,000003408823000039,11-K,2023-06-13
XOM,EXXON MOBIL CORP,0000034088,000003408823000036,8-K,2023-06-06
XOM,EXXON MOBIL CORP,0000034088,000003408823000030,10-Q,2023-05-02
XOM,EXXON MOBIL CORP,0000034088,000003408823000028,8-K,2023-04-28
XOM,EXXON MOBIL CORP,0000034088,000003408823000025,8-K,2023-04-04
XOM,EXXON MOBIL CORP,0000034088,000003408823000022,8-K,2023-02-24
XOM,EXXON MOBIL CORP,0000034088,000003408823000020,10-K,2023-02-22
XOM,EXXON MOBIL CORP,0000034088,000003408823000011,8-K,2023-01-31
XOM,EXXON MOBIL CORP,0000034088,000003408823000003,8-K,2023-01-04
XOM,EXXON MOBIL CORP,0000034088,000095010322021377,8-K,2022-12-23
XOM,EXXON MOBIL CORP,0000034088,000003408822000071,8-K,2022-12-05
XOM,EXXON MOBIL CORP,0000034088,000003408822000069,8-K,2022-12-02
XOM,EXXON MOBIL CORP,0000034088,000003408822000067,8-K,2022-11-18
XOM,EXXON MOBIL CORP,0000034088,000003408822000064,10-Q,2022-11-02
XOM,EXXON MOBIL CORP,0000034088,000003408822000062,8-K,2022-10-31
XOM,EXXON MOBIL CORP,0000034088,000003408822000060,8-K,2022-10-31
XOM,EXXON MOBIL CORP,0000034088,000003408822000057,8-K,2022-10-28
XOM,EXXON MOBIL CORP,0000034088,000003408822000054,8-K,2022-10-04
XOM,EXXON MOBIL CORP,0000034088,000003408822000051,10-Q,2022-08-03
XOM,EXXON MOBIL CORP,0000034088,000003408822000048,8-K,2022-07-29
XOM,EXXON MOBIL CORP,0000034088,000003408822000044,8-K,2022-07-01
XOM,EXXON MOBIL CORP,0000034088,000003408822000040,8-K,2022-06-17
XOM,EXXON MOBIL CORP,0000034088,000003408822000038,11-K,2022-06-16
XOM,EXXON MOBIL CORP,0000034088,000003408822000034,8-K,2022-06-01
XOM,EXXON MOBIL CORP,0000034088,000003408822000026,10-Q,2022-05-04
XOM,EXXON MOBIL CORP,0000034088,000003408822000023,8-K,2022-04-29
XOM,EXXON MOBIL CORP,0000034088,000003408822000018,8-K,2022-04-04
XOM,EXXON MOBIL CORP,0000034088,000003408822000016,8-K,2022-03-22
XOM,EXXON MOBIL CORP,0000034088,000003408822000013,8-K,2022-03-03
XOM,EXXON MOBIL CORP,0000034088,000003408822000011,10-K,2022-02-23
XOM,EXXON MOBIL CORP,0000034088,000003408822000005,8-K,2022-02-01
XOM,EXXON MOBIL CORP,0000034088,000003408822000002,8-K,2022-01-31
XOM,EXXON MOBIL CORP,0000034088,000003408821000072,8-K,2021-12-30
XOM,EXXON MOBIL CORP,0000034088,000095010321019926,8-K,2021-12-17
XOM,EXXON MOBIL CORP,0000034088,000003408821000069,8-K,2021-11-30
XOM,EXXON MOBIL CORP,0000034088,000003408821000066,8-K,2021-11-17
XOM,EXXON MOBIL CORP,0000034088,000003408821000064,10-Q,2021-11-03
XOM,EXXON MOBIL CORP,0000034088,000003408821000061,8-K,2021-10-29
XOM,EXXON MOBIL CORP,0000034088,000003408821000057,8-K,2021-09-30
XOM,EXXON MOBIL CORP,0000034088,000003408821000051,10-Q,2021-08-04
XOM,EXXON MOBIL CORP,0000034088,000003408821000046,8-K,2021-07-30
XOM,EXXON MOBIL CORP,0000034088,000003408821000043,8-K,2021-07-22
XOM,EXXON MOBIL CORP,0000034088,000003408821000041,8-K,2021-06-30
XOM,EXXON MOBIL CORP,0000034088,000003408821000034,11-K,2021-06-10
XOM,EXXON MOBIL CORP,0000034088,000003408821000031,8-K,2021-06-02
XOM,EXXON MOBIL CORP,0000034088,000003408821000024,10-Q,2021-05-05
XOM,EXXON MOBIL CORP,0000034088,000003408821000021,8-K,2021-04-30
XOM,EXXON MOBIL CORP,0000034088,000003408821000017,8-K,2021-03-31
XOM,EXXON MOBIL CORP,0000034088,000003408821000014,8-K,2021-03-01
XOM,EXXON MOBIL CORP,0000034088,000003408821000012,10-K,2021-02-24
XOM,EXXON MOBIL CORP,0000034088,000003408821000006,8-K,2021-02-02
XOM,EXXON MOBIL CORP,0000034088,000003408821000004,8-K,2021-02-02
XOM,EXXON MOBIL CORP,0000034088,000003408820000100,8-K,2020-12-30
XOM,EXXON MOBIL CORP,0000034088,000003408820000095,8-K,2020-12-01
XOM,EXXON MOBIL CORP,0000034088,000003408820000093,8-K,2020-11-30
XOM,EXXON MOBIL CORP,0000034088,000003408820000090,10-Q,2020-11-04
XOM,EXXON MOBIL CORP,0000034088,000003408820000087,8-K,2020-10-30
XOM,EXXON MOBIL CORP,0000034088,000003408820000081,8-K,2020-10-01
XOM,EXXON MOBIL CORP,0000034088,000003408820000073,10-Q,2020-08-05
XOM,EXXON MOBIL CORP,0000034088,000003408820000066,8-K,2020-07-31
XOM,EXXON MOBIL CORP,0000034088,000003408820000062,8-K,2020-07-31
XOM,EXXON MOBIL CORP,0000034088,000003408820000057,8-K,2020-07-28
XOM,EXXON MOBIL CORP,0000034088,000003408820000050,8-K,2020-07-02
XOM,EXXON MOBIL CORP,0000034088,000119312520180037,8-K,2020-06-26
XOM,EXXON MOBIL CORP,0000034088,000003408820000044,11-K,2020-06-11
XOM,EXXON MOBIL CORP,0000034088,000003408820000042,8-K,2020-06-02
XOM,EXXON MOBIL CORP,0000034088,000003408820000037,10-Q,2020-05-06
XOM,EXXON MOBIL CORP,0000034088,000003408820000035,8-K,2020-05-01
XOM,EXXON MOBIL CORP,0000034088,000119312520107736,8-K,2020-04-15
XOM,EXXON MOBIL CORP,0000034088,000003408820000028,8-K,2020-04-07
XOM,EXXON MOBIL CORP,0000034088,000119312520078352,8-K,2020-03-19
XOM,EXXON MOBIL CORP,0000034088,000003408820000019,8-K,2020-03-03
XOM,EXXON MOBIL CORP,0000034088,000003408820000016,10-K,2020-02-26
XOM,EXXON MOBIL CORP,0000034088,000003408820000011,8-K,2020-01-31
XOM,EXXON MOBIL CORP,0000034088,000003408820000004,8-K,2020-01-03
XOM,EXXON MOBIL CORP,0000034088,000003408819000064,8-K,2019-12-02
XOM,EXXON MOBIL CORP,0000034088,000003408819000062,10-Q,2019-11-06
XOM,EXXON MOBIL CORP,0000034088,000003408819000060,8-K,2019-11-01
XOM,EXXON MOBIL CORP,0000034088,000003408819000051,8-K,2019-10-01
XOM,EXXON MOBIL CORP,0000034088,000119312519223042,8-K,2019-08-16
XOM,EXXON MOBIL CORP,0000034088,000003408819000042,10-Q,2019-08-07
XOM,EXXON MOBIL CORP,0000034088,000003408819000039,8-K,2019-08-02
XOM,EXXON MOBIL CORP,0000034088,000003408819000032,8-K,2019-07-01
XOM,EXXON MOBIL CORP,0000034088,000003408819000030,11-K,2019-06-21
XOM,EXXON MOBIL CORP,0000034088,000003408819000025,8-K,2019-06-04
XOM,EXXON MOBIL CORP,0000034088,000003408819000017,10-Q,2019-05-02
XOM,EXXON MOBIL CORP,0000034088,000003408819000015,8-K,2019-04-26
XOM,EXXON MOBIL CORP,0000034088,000003408819000013,8-K,2019-04-10
XOM,EXXON MOBIL CORP,0000034088,000119312519084325,8-K,2019-03-25
XOM,EXXON MOBIL CORP,0000034088,000003408819000010,10-K,2019-02-27
XOM,EXXON MOBIL CORP,0000034088,000003408819000007,8-K,2019-02-26
XOM,EXXON MOBIL CORP,0000034088,000003408819000002,8-K,2019-02-01
CVX,CHEVRON CORP,0000093410,000009341024000021,10-Q,2024-05-02
CVX,CHEVRON CORP,0000093410,000009341024000017,8-K,2024-04-26
CVX,CHEVRON CORP,0000093410,000009341024000013,10-K,2024-02-26
CVX,CHEVRON CORP,0000093410,000009341024000007,8-K,2024-02-02
CVX,CHEVRON CORP,0000093410,000009341024000006,8-K,2024-02-02
CVX,CHEVRON CORP,0000093410,000009341024000002,8-K,2024-01-02
CVX,CHEVRON CORP,0000093410,000095014223002919,8-K,2023-12-08
CVX,CHEVRON CORP,0000093410,000009341023000088,10-Q,2023-11-02
CVX,CHEVRON CORP,0000093410,000009341023000085,8-K,2023-10-27
CVX,CHEVRON CORP,0000093410,000095014223002670,8-K,2023-10-23
CVX,CHEVRON CORP,0000093410,000095014223002657,8-K,2023-10-23
CVX,CHEVRON CORP,0000093410,000119312523204557,8-K,2023-08-07
CVX,CHEVRON CORP,0000093410,000009341023000079,10-Q,2023-08-03
CVX,CHEVRON CORP,0000093410,000009341023000076,8-K,2023-07-28
CVX,CHEVRON CORP,0000093410,000095014223002087,8-K,2023-07-26
CVX,CHEVRON CORP,0000093410,000095014223002083,8-K,2023-07-24
CVX,CHEVRON CORP,0000093410,000009341023000073,11-K,2023-06-23
CVX,CHEVRON CORP,0000093410,000009341023000070,8-K,2023-06-02
CVX,CHEVRON CORP,0000093410,000095014223001491,8-K,2023-05-22
CVX,CHEVRON CORP,0000093410,000009341023000066,10-Q,2023-05-04
CVX,CHEVRON CORP,0000093410,000009341023000063,8-K,2023-04-28
CVX,CHEVRON CORP,0000093410,000009341023000009,10-K,2023-02-23
CVX,CHEVRON CORP,0000093410,000009341023000005,8-K,2023-01-27
CVX,CHEVRON CORP,0000093410,000009341023000003,8-K,2023-01-27
CVX,CHEVRON CORP,0000093410,000009341022000078,8-K,2022-12-08
CVX,CHEVRON CORP,0000093410,000009341022000075,10-Q,2022-11-03
CVX,CHEVRON CORP,0000093410,000009341022000072,8-K,2022-10-28
CVX,CHEVRON CORP,0000093410,000009341022000066,10-Q,2022-08-04
CVX,CHEVRON CORP,0000093410,000119312522208191,8-K,2022-08-01
CVX,CHEVRON CORP,0000093410,000009341022000062,8-K,2022-07-29
CVX,CHEVRON CORP,0000093410,000009341022000050,11-K,2022-06-22
CVX,CHEVRON CORP,0000093410,000095014222001875,8-K,2022-06-13
CVX,CHEVRON CORP,0000093410,000009341022000042,8-K,2022-05-31
CVX,CHEVRON CORP,0000093410,000009341022000040,8-K,2022-05-31
CVX,CHEVRON CORP,0000093410,000009341022000036,8-K,2022-05-27
CVX,CHEVRON CORP,0000093410,000009341022000035,8-K,2022-05-27
CVX,CHEVRON CORP,0000093410,000009341022000026,10-Q,2022-05-04
CVX,CHEVRON CORP,0000093410,000009341022000023,8-K,2022-04-29
CVX,CHEVRON CORP,0000093410,000095014222000839,8-K,2022-02-28
CVX,CHEVRON CORP,0000093410,000009341022000019,10-K,2022-02-24
CVX,CHEVRON CORP,0000093410,000009341022000016,11-K,2022-02-10
CVX,CHEVRON CORP,0000093410,000009341022000009,8-K,2022-01-31
CVX,CHEVRON CORP,0000093410,000009341022000004,8-K,2022-01-28
CVX,CHEVRON CORP,0000093410,000009341021000046,10-Q,2021-11-04
CVX,CHEVRON CORP,0000093410,000009341021000043,8-K,2021-10-29
CVX,CHEVRON CORP,0000093410,000119312521296226,8-K,2021-10-12
CVX,CHEVRON CORP,0000093410,000119312521290504,8-K,2021-10-04
CVX,CHEVRON CORP,0000093410,000009341021000036,10-Q,2021-08-05
CVX,CHEVRON CORP,0000093410,000009341021000031,8-K,2021-08-02
CVX,CHEVRON CORP,0000093410,000009341021000028,8-K,2021-07-30
CVX,CHEVRON CORP,0000093410,000009341021000026,11-K,2021-06-22
CVX,CHEVRON CORP,0000093410,000009341021000024,11-K,2021-06-21
CVX,CHEVRON CORP,0000093410,000009341021000020,8-K,2021-05-28
CVX,CHEVRON CORP,0000093410,000009341021000015,10-Q,2021-05-06
CVX,CHEVRON CORP,0000093410,000009341021000012,8-K,2021-04-30
CVX,CHEVRON CORP,0000093410,000009341021000009,10-K,2021-02-25
CVX,CHEVRON CORP,0000093410,000009341021000005,8-K,2021-02-01
CVX,CHEVRON CORP,0000093410,000009341021000003,8-K,2021-01-29
CVX,CHEVRON CORP,0000093410,000119312521003304,8-K,2021-01-06
CVX,CHEVRON CORP,0000093410,000009341020000053,8-K,2020-12-03
CVX,CHEVRON CORP,0000093410,000009341020000050,10-Q,2020-11-05
CVX,CHEVRON CORP,0000093410,000009341020000047,8-K,2020-10-30
CVX,CHEVRON CORP,0000093410,000119312520263371,8-K,2020-10-05
CVX,CHEVRON CORP,0000093410,000009341020000044,8-K,2020-10-02
CVX,CHEVRON CORP,0000093410,000095014220002305,8-K,2020-09-24
CVX,CHEVRON CORP,0000093410,000009341020000042,8-K,2020-09-09
CVX,CHEVRON CORP,0000093410,000119312520218015,8-K,2020-08-13
CVX,CHEVRON CORP,0000093410,000009341020000039,10-Q,2020-08-05
CVX,CHEVRON CORP,0000093410,000009341020000036,8-K,2020-07-31
CVX,CHEVRON CORP,0000093410,000095014220001757,8-K,2020-07-20
CVX,CHEVRON CORP,0000093410,000009341020000031,11-K,2020-06-24
CVX,CHEVRON CORP,0000093410,000009341020000028,8-K,2020-05-29
CVX,CHEVRON CORP,0000093410,000119312520139497,8-K,2020-05-12
CVX,CHEVRON CORP,0000093410,000009341020000020,10-Q,2020-05-06
CVX,CHEVRON CORP,0000093410,000009341020000017,8-K,2020-05-01
CVX,CHEVRON CORP,0000093410,000009341020000015,8-K,2020-05-01
CVX,CHEVRON CORP,0000093410,000009341020000012,8-K,2020-03-24
CVX,CHEVRON CORP,0000093410,000009341020000010,10-K,2020-02-21
CVX,CHEVRON CORP,0000093410,000009341020000007,8-K,2020-02-03
CVX,CHEVRON CORP,0000093410,000009341020000005,8-K,2020-01-31
CVX,CHEVRON CORP,0000093410,000009341020000002,8-K,2020-01-03
CVX,CHEVRON CORP,0000093410,000009341019000040,8-K,2019-12-10
CVX,CHEVRON CORP,0000093410,000009341019000038,10-Q,2019-11-07
CVX,CHEVRON CORP,0000093410,000009341019000035,8-K,2019-11-01
CVX,CHEVRON CORP,0000093410,000009341019000032,8-K,2019-09-27
CVX,CHEVRON CORP,0000093410,000009341019000029,10-Q,2019-08-07
CVX,CHEVRON CORP,0000093410,000009341019000026,8-K,2019-08-02
CVX,CHEVRON CORP,0000093410,000009341019000024,11-K,2019-06-27
CVX,CHEVRON CORP,0000093410,000009341019000022,8-K,2019-06-03
CVX,CHEVRON CORP,0000093410,000009341019000020,8-K,2019-06-03
CVX,CHEVRON CORP,0000093410,000095014219001066,8-K,2019-05-10
CVX,CHEVRON CORP,0000093410,000095014219001037,8-K,2019-05-09
CVX,CHEVRON CORP,0000093410,000009341019000014,10-Q,2019-05-02
CVX,CHEVRON CORP,0000093410,000009341019000011,8-K,2019-04-26
CVX,CHEVRON CORP,0000093410,000095014219000831,8-K,2019-04-16
CVX,CHEVRON CORP,0000093410,000095014219000800,8-K,2019-04-12
CVX,CHEVRON CORP,0000093410,000009341019000008,10-K,2019-02-22
CVX,CHEVRON CORP,0000093410,000009341019000006,8-K,2019-02-05
CVX,CHEVRON CORP,0000093410,000009341019000004,8-K,2019-02-04
CVX,CHEVRON CORP,0000093410,000009341019000002,8-K,2019-02-01
SHEL,Shell plc,0001306965,999999999723004205,11-K,2023-09-19
SHEL,Shell plc,0001306965,999999999723004204,11-K,2023-09-19
SHEL,Shell plc,0001306965,999999999722002525,11-K,2022-05-05
SHEL,Shell plc,0001306965,999999999720005313,11-K,2020-06-09
SHEL,Shell plc,0001306965,999999999719006008,11-K,2019-06-17
TTE,TotalEnergies SE,0000879764,"No 10-K, 10-Q, 8-K, 11-K Filings Found"
COP,CONOCOPHILLIPS,0001163165,000110465924062520,8-K,2024-05-16
COP,CONOCOPHILLIPS,0001163165,000116316524000023,10-Q,2024-05-02
COP,CONOCOPHILLIPS,0001163165,000116316524000018,8-K,2024-05-02
COP,CONOCOPHILLIPS,0001163165,000116316524000010,10-K,2024-02-15
COP,CONOCOPHILLIPS,0001163165,000110465924024352,8-K,2024-02-15
COP,CONOCOPHILLIPS,0001163165,000116316524000004,8-K,2024-02-08
COP,CONOCOPHILLIPS,0001163165,000116316523000031,10-Q,2023-11-02
COP,CONOCOPHILLIPS,0001163165,000116316523000029,8-K,2023-11-02
COP,CONOCOPHILLIPS,0001163165,000110465923093074,8-K,2023-08-17
COP,CONOCOPHILLIPS,0001163165,000116316523000023,10-Q,2023-08-03
COP,CONOCOPHILLIPS,0001163165,000115752323001246,8-K,2023-08-03
COP,CONOCOPHILLIPS,0001163165,000116316523000017,11-K,2023-06-22
COP,CONOCOPHILLIPS,0001163165,000110465923063639,8-K,2023-05-23
COP,CONOCOPHILLIPS,0001163165,000110465923061988,8-K,2023-05-18
COP,CONOCOPHILLIPS,0001163165,000116316523000011,10-Q,2023-05-04
COP,CONOCOPHILLIPS,0001163165,000115752323000730,8-K,2023-05-04
COP,CONOCOPHILLIPS,0001163165,000116316523000006,10-K,2023-02-16
COP,CONOCOPHILLIPS,0001163165,000115752323000152,8-K,2023-02-02
COP,CONOCOPHILLIPS,0001163165,000110465922114462,8-K,2022-11-03
COP,CONOCOPHILLIPS,0001163165,000116316522000017,10-Q,2022-11-03
COP,CONOCOPHILLIPS,0001163165,000115752322001504,8-K,2022-11-03
COP,CONOCOPHILLIPS,0001163165,000110465922099898,8-K,2022-09-14
COP,CONOCOPHILLIPS,0001163165,000116316522000013,10-Q,2022-08-04
COP,CONOCOPHILLIPS,0001163165,000115752322001029,8-K,2022-08-04
COP,CONOCOPHILLIPS,0001163165,000119312522182686,11-K,2022-06-27
COP,CONOCOPHILLIPS,0001163165,000110465922059429,8-K,2022-05-12
COP,CONOCOPHILLIPS,0001163165,000116316522000006,10-Q,2022-05-05
COP,CONOCOPHILLIPS,0001163165,000115752322000566,8-K,2022-05-05
COP,CONOCOPHILLIPS,0001163165,000110465922054194,8-K,2022-05-02
COP,CONOCOPHILLIPS,0001163165,000110465922036611,8-K,2022-03-22
COP,CONOCOPHILLIPS,0001163165,000110465922033000,8-K,2022-03-14
COP,CONOCOPHILLIPS,0001163165,000110465922031606,8-K,2022-03-08
COP,CONOCOPHILLIPS,0001163165,000110465922031527,8-K,2022-03-08
COP,CONOCOPHILLIPS,0001163165,000110465922025686,8-K,2022-02-22
COP,CONOCOPHILLIPS,0001163165,000156276222000031,10-K,2022-02-17
COP,CONOCOPHILLIPS,0001163165,000115752322000144,8-K,2022-02-03
COP,CONOCOPHILLIPS,0001163165,000110465921145670,8-K,2021-12-02
COP,CONOCOPHILLIPS,0001163165,000156276221000409,10-Q,2021-11-04
COP,CONOCOPHILLIPS,0001163165,000115752321001302,8-K,2021-11-02
COP,CONOCOPHILLIPS,0001163165,000110465921117416,8-K,2021-09-20
COP,CONOCOPHILLIPS,0001163165,000156276221000304,10-Q,2021-08-05
COP,CONOCOPHILLIPS,0001163165,000115752321000976,8-K,2021-08-03
COP,CONOCOPHILLIPS,0001163165,000119312521196045,11-K,2021-06-22
COP,CONOCOPHILLIPS,0001163165,000110465921065508,8-K,2021-05-13
COP,CONOCOPHILLIPS,0001163165,000156276221000193,10-Q,2021-05-06
COP,CONOCOPHILLIPS,0001163165,000115752321000576,8-K,2021-05-04
COP,CONOCOPHILLIPS,0001163165,000110465921027888,8-K,2021-02-25
COP,CONOCOPHILLIPS,0001163165,000156276221000027,10-K,2021-02-16
COP,CONOCOPHILLIPS,0001163165,000110465921020337,8-K,2021-02-11
COP,CONOCOPHILLIPS,0001163165,000110465921013719,8-K,2021-02-08
COP,CONOCOPHILLIPS,0001163165,000115752321000121,8-K,2021-02-02
COP,CONOCOPHILLIPS,0001163165,000110465921004775,8-K,2021-01-15
COP,CONOCOPHILLIPS,0001163165,000110465921000501,8-K,2021-01-05
COP,CONOCOPHILLIPS,0001163165,000110465920132038,8-K,2020-12-03
COP,CONOCOPHILLIPS,0001163165,000156276220000421,8-K,2020-11-16
COP,CONOCOPHILLIPS,0001163165,000156276220000367,10-Q,2020-11-03
COP,CONOCOPHILLIPS,0001163165,000115752320001371,8-K,2020-10-29
COP,CONOCOPHILLIPS,0001163165,000110465920115818,8-K,2020-10-19
COP,CONOCOPHILLIPS,0001163165,000110465920102864,8-K,2020-09-08
COP,CONOCOPHILLIPS,0001163165,000156276220000267,10-Q,2020-08-04
COP,CONOCOPHILLIPS,0001163165,000115752320001070,8-K,2020-07-30
COP,CONOCOPHILLIPS,0001163165,000119312520176329,11-K,2020-06-23
COP,CONOCOPHILLIPS,0001163165,000110465920063995,8-K,2020-05-20
COP,CONOCOPHILLIPS,0001163165,000110465920061487,8-K,2020-05-14
COP,CONOCOPHILLIPS,0001163165,000156276220000162,10-Q,2020-05-05
COP,CONOCOPHILLIPS,0001163165,000115752320000612,8-K,2020-04-30
COP,CONOCOPHILLIPS,0001163165,000110465920028961,8-K,2020-03-04
COP,CONOCOPHILLIPS,0001163165,000119312520039954,10-K,2020-02-18
COP,CONOCOPHILLIPS,0001163165,000115752320000143,8-K,2020-02-04
COP,CONOCOPHILLIPS,0001163165,000110465919065651,8-K,2019-11-20
COP,CONOCOPHILLIPS,0001163165,000119312519279997,10-Q,2019-10-31
COP,CONOCOPHILLIPS,0001163165,000115752319002117,8-K,2019-10-29
COP,CONOCOPHILLIPS,0001163165,000119312519210077,10-Q,2019-08-01
COP,CONOCOPHILLIPS,0001163165,000115752319001619,8-K,2019-07-30
COP,CONOCOPHILLIPS,0001163165,000119312519177227,11-K,2019-06-20
COP,CONOCOPHILLIPS,0001163165,000110465919030006,8-K,2019-05-16
COP,CONOCOPHILLIPS,0001163165,000119312519134334,10-Q,2019-05-02
COP,CONOCOPHILLIPS,0001163165,000115752319000952,8-K,2019-04-30
COP,CONOCOPHILLIPS,0001163165,000119312519043841,10-K,2019-02-19
COP,CONOCOPHILLIPS,0001163165,000115752319000196,8-K,2019-01-31
BP,BP PLC,0000313807,000031380723000020,11-K,2023-06-13
BP,BP PLC,0000313807,000031380722000025,11-K,2022-06-10
BP,BP PLC,0000313807,000031380721000009,11-K,2021-06-11
BP,BP PLC,0000313807,000031380720000008,11-K,2020-06-23
BP,BP PLC,0000313807,000114036119010687,11-K,2019-06-07
EQNR,EQUINOR ASA,0001140625,"No 10-K, 10-Q, 8-K, 11-K Filings Found"
EOG,EOG RESOURCES INC,0000821189,000082118924000023,8-K,2024-05-24
EOG,EOG RESOURCES INC,0000821189,000082118924000021,10-Q,2024-05-02
EOG,EOG RESOURCES INC,0000821189,000082118924000020,8-K,2024-05-02
EOG,EOG RESOURCES INC,0000821189,000082118924000014,8-K,2024-04-08
EOG,EOG RESOURCES INC,0000821189,000119312524084841,8-K,2024-04-02
EOG,EOG RESOURCES INC,0000821189,000082118924000011,10-K,2024-02-22
EOG,EOG RESOURCES INC,0000821189,000082118924000009,8-K,2024-02-22
EOG,EOG RESOURCES INC,0000821189,000082118924000002,8-K,2024-01-11
EOG,EOG RESOURCES INC,0000821189,000119312523294416,8-K,2023-12-13
EOG,EOG RESOURCES INC,0000821189,000082118923000051,10-Q,2023-11-02
EOG,EOG RESOURCES INC,0000821189,000082118923000050,8-K,2023-11-02
EOG,EOG RESOURCES INC,0000821189,000082118923000043,8-K,2023-10-10
EOG,EOG RESOURCES INC,0000821189,000119312523234997,8-K,2023-09-14
EOG,EOG RESOURCES INC,0000821189,000082118923000040,10-Q,2023-08-03
EOG,EOG RESOURCES INC,0000821189,000082118923000039,8-K,2023-08-03
EOG,EOG RESOURCES INC,0000821189,000082118923000032,8-K,2023-07-11
EOG,EOG RESOURCES INC,0000821189,000082118923000030,8-K,2023-06-12
EOG,EOG RESOURCES INC,0000821189,000082118923000027,8-K,2023-05-26
EOG,EOG RESOURCES INC,0000821189,000082118923000024,10-Q,2023-05-04
EOG,EOG RESOURCES INC,0000821189,000082118923000023,8-K,2023-05-04
EOG,EOG RESOURCES INC,0000821189,000082118923000019,8-K,2023-04-11
EOG,EOG RESOURCES INC,0000821189,000082118923000015,10-K,2023-02-23
EOG,EOG RESOURCES INC,0000821189,000082118923000014,8-K,2023-02-23
EOG,EOG RESOURCES INC,0000821189,000082118923000007,8-K,2023-02-08
EOG,EOG RESOURCES INC,0000821189,000082118923000004,8-K,2023-01-12
EOG,EOG RESOURCES INC,0000821189,000082118922000056,10-Q,2022-11-03
EOG,EOG RESOURCES INC,0000821189,000082118922000054,8-K,2022-11-03
EOG,EOG RESOURCES INC,0000821189,000082118922000050,8-K,2022-10-11
EOG,EOG RESOURCES INC,0000821189,000082118922000047,8-K,2022-10-04
EOG,EOG RESOURCES INC,0000821189,000082118922000041,10-Q,2022-08-04
EOG,EOG RESOURCES INC,0000821189,000082118922000039,8-K,2022-08-04
EOG,EOG RESOURCES INC,0000821189,000082118922000034,8-K,2022-07-11
EOG,EOG RESOURCES INC,0000821189,000082118922000028,10-Q,2022-05-05
EOG,EOG RESOURCES INC,0000821189,000082118922000027,8-K,2022-05-05
EOG,EOG RESOURCES INC,0000821189,000082118922000022,8-K,2022-04-25
EOG,EOG RESOURCES INC,0000821189,000082118922000020,8-K,2022-04-19
EOG,EOG RESOURCES INC,0000821189,000082118922000017,10-K,2022-02-24
EOG,EOG RESOURCES INC,0000821189,000082118922000015,8-K,2022-02-24
EOG,EOG RESOURCES INC,0000821189,000082118922000005,8-K,2022-02-01
EOG,EOG RESOURCES INC,0000821189,000082118921000089,10-Q,2021-11-04
EOG,EOG RESOURCES INC,0000821189,000082118921000088,8-K,2021-11-04
EOG,EOG RESOURCES INC,0000821189,000082118921000080,8-K,2021-10-14
EOG,EOG RESOURCES INC,0000821189,000119312521282477,8-K,2021-09-24
EOG,EOG RESOURCES INC,0000821189,000082118921000075,10-Q,2021-08-04
EOG,EOG RESOURCES INC,0000821189,000082118921000074,8-K,2021-08-04
EOG,EOG RESOURCES INC,0000821189,000082118921000065,8-K,2021-07-19
EOG,EOG RESOURCES INC,0000821189,000082118921000062,8-K,2021-06-07
EOG,EOG RESOURCES INC,0000821189,000082118921000047,10-Q,2021-05-06
EOG,EOG RESOURCES INC,0000821189,000082118921000045,8-K,2021-05-06
EOG,EOG RESOURCES INC,0000821189,000082118921000033,8-K,2021-05-03
EOG,EOG RESOURCES INC,0000821189,000082118921000025,8-K,2021-04-15
EOG,EOG RESOURCES INC,0000821189,000082118921000017,10-K,2021-02-25
EOG,EOG RESOURCES INC,0000821189,000082118921000014,8-K,2021-02-25
EOG,EOG RESOURCES INC,0000821189,000082118921000003,8-K,2021-01-21
EOG,EOG RESOURCES INC,0000821189,000119312521000990,8-K,2021-01-04
EOG,EOG RESOURCES INC,0000821189,000082118920000053,10-Q,2020-11-05
EOG,EOG RESOURCES INC,0000821189,000082118920000052,8-K,2020-11-05
EOG,EOG RESOURCES INC,0000821189,000082118920000045,8-K,2020-10-14
EOG,EOG RESOURCES INC,0000821189,000082118920000043,8-K,2020-09-23
EOG,EOG RESOURCES INC,0000821189,000082118920000040,10-Q,2020-08-06
EOG,EOG RESOURCES INC,0000821189,000082118920000039,8-K,2020-08-06
EOG,EOG RESOURCES INC,0000821189,000082118920000031,8-K,2020-07-21
EOG,EOG RESOURCES INC,0000821189,000162828020008536,8-K,2020-05-28
EOG,EOG RESOURCES INC,0000821189,000082118920000028,10-Q,2020-05-07
EOG,EOG RESOURCES INC,0000821189,000082118920000027,8-K,2020-05-07
EOG,EOG RESOURCES INC,0000821189,000082118920000021,8-K,2020-05-05
EOG,EOG RESOURCES INC,0000821189,000082118920000018,8-K,2020-04-16
EOG,EOG RESOURCES INC,0000821189,000119312520107176,8-K,2020-04-14
EOG,EOG RESOURCES INC,0000821189,000119312520103828,8-K,2020-04-10
EOG,EOG RESOURCES INC,0000821189,000082118920000016,8-K,2020-04-06
EOG,EOG RESOURCES INC,0000821189,000082118920000012,8-K,2020-03-16
EOG,EOG RESOURCES INC,0000821189,000082118920000010,10-K,2020-02-27
EOG,EOG RESOURCES INC,0000821189,000082118920000009,8-K,2020-02-27
EOG,EOG RESOURCES INC,0000821189,000082118920000002,8-K,2020-01-21
EOG,EOG RESOURCES INC,0000821189,000082118919000039,10-Q,2019-11-06
EOG,EOG RESOURCES INC,0000821189,000082118919000038,8-K,2019-11-06
EOG,EOG RESOURCES INC,0000821189,000082118919000032,8-K,2019-10-10
EOG,EOG RESOURCES INC,0000821189,000082118919000030,10-Q,2019-08-01
EOG,EOG RESOURCES INC,0000821189,000082118919000029,8-K,2019-08-01
EOG,EOG RESOURCES INC,0000821189,000082118919000022,8-K,2019-07-11
EOG,EOG RESOURCES INC,0000821189,000119312519188340,8-K,2019-07-02
EOG,EOG RESOURCES INC,0000821189,000082118919000020,10-Q,2019-05-02
EOG,EOG RESOURCES INC,0000821189,000082118919000019,8-K,2019-05-02
EOG,EOG RESOURCES INC,0000821189,000082118919000013,8-K,2019-04-23
EOG,EOG RESOURCES INC,0000821189,000082118919000009,10-K,2019-02-26
EOG,EOG RESOURCES INC,0000821189,000082118919000008,8-K,2019-02-26
EOG,EOG RESOURCES INC,0000821189,000082118919000002,8-K,2019-01-22
MPC,Marathon Petroleum Corp,0001510295,000151029524000052,8-K,2024-05-13
MPC,Marathon Petroleum Corp,0001510295,000151029524000047,10-Q,2024-04-30
MPC,Marathon Petroleum Corp,0001510295,000151029524000045,8-K,2024-04-30
MPC,Marathon Petroleum Corp,0001510295,000151029524000041,8-K,2024-04-26
MPC,Marathon Petroleum Corp,0001510295,000151029524000015,10-K,2024-02-28
MPC,Marathon Petroleum Corp,0001510295,000151029524000008,8-K,2024-01-31
MPC,Marathon Petroleum Corp,0001510295,000151029524000005,8-K,2024-01-30
MPC,Marathon Petroleum Corp,0001510295,000151029524000002,8-K,2024-01-09
MPC,Marathon Petroleum Corp,0001510295,000151029523000080,8-K,2023-12-21
MPC,Marathon Petroleum Corp,0001510295,000151029523000078,10-Q,2023-10-31
MPC,Marathon Petroleum Corp,0001510295,000151029523000076,8-K,2023-10-31
MPC,Marathon Petroleum Corp,0001510295,000151029523000074,8-K,2023-10-30
MPC,Marathon Petroleum Corp,0001510295,000151029523000069,10-Q,2023-08-01
MPC,Marathon Petroleum Corp,0001510295,000151029523000067,8-K,2023-08-01
MPC,Marathon Petroleum Corp,0001510295,000151029523000061,11-K,2023-06-23
MPC,Marathon Petroleum Corp,0001510295,000151029523000057,8-K,2023-05-19
MPC,Marathon Petroleum Corp,0001510295,000151029523000047,10-Q,2023-05-02
MPC,Marathon Petroleum Corp,0001510295,000151029523000045,8-K,2023-05-02
MPC,Marathon Petroleum Corp,0001510295,000151029523000042,8-K,2023-04-27
MPC,Marathon Petroleum Corp,0001510295,000151029523000012,10-K,2023-02-23
MPC,Marathon Petroleum Corp,0001510295,000151029523000005,8-K,2023-01-31
MPC,Marathon Petroleum Corp,0001510295,000151029523000003,8-K,2023-01-30
MPC,Marathon Petroleum Corp,0001510295,000151029522000077,10-Q,2022-11-01
MPC,Marathon Petroleum Corp,0001510295,000151029522000075,8-K,2022-11-01
MPC,Marathon Petroleum Corp,0001510295,000151029522000071,8-K,2022-10-11
MPC,Marathon Petroleum Corp,0001510295,000151029522000066,8-K,2022-08-22
MPC,Marathon Petroleum Corp,0001510295,000151029522000063,10-Q,2022-08-02
MPC,Marathon Petroleum Corp,0001510295,000151029522000061,8-K,2022-08-02
MPC,Marathon Petroleum Corp,0001510295,000151029522000054,8-K,2022-07-12
MPC,Marathon Petroleum Corp,0001510295,000151029522000051,8-K,2022-07-12
MPC,Marathon Petroleum Corp,0001510295,000151029522000043,11-K,2022-06-23
MPC,Marathon Petroleum Corp,0001510295,000151029522000039,10-Q,2022-05-03
MPC,Marathon Petroleum Corp,0001510295,000151029522000037,8-K,2022-05-03
MPC,Marathon Petroleum Corp,0001510295,000151029522000035,8-K,2022-05-02
MPC,Marathon Petroleum Corp,0001510295,000151029522000028,8-K,2022-04-21
MPC,Marathon Petroleum Corp,0001510295,000151029522000017,8-K,2022-03-08
MPC,Marathon Petroleum Corp,0001510295,000151029522000011,10-K,2022-02-24
MPC,Marathon Petroleum Corp,0001510295,000151029522000006,8-K,2022-02-02
MPC,Marathon Petroleum Corp,0001510295,000151029522000003,8-K,2022-01-11
MPC,Marathon Petroleum Corp,0001510295,000151029521000127,10-Q,2021-11-02
MPC,Marathon Petroleum Corp,0001510295,000151029521000125,8-K,2021-11-02
MPC,Marathon Petroleum Corp,0001510295,000151029521000115,8-K,2021-08-04
MPC,Marathon Petroleum Corp,0001510295,000151029521000114,10-Q,2021-08-04
MPC,Marathon Petroleum Corp,0001510295,000151029521000111,8-K,2021-08-04
MPC,Marathon Petroleum Corp,0001510295,000151029521000103,8-K,2021-08-02
MPC,Marathon Petroleum Corp,0001510295,000151029521000098,11-K,2021-06-25
MPC,Marathon Petroleum Corp,0001510295,000151029521000094,8-K,2021-06-23
MPC,Marathon Petroleum Corp,0001510295,000151029521000086,8-K,2021-05-20
MPC,Marathon Petroleum Corp,0001510295,000151029521000078,8-K,2021-05-14
MPC,Marathon Petroleum Corp,0001510295,000151029521000070,10-Q,2021-05-06
MPC,Marathon Petroleum Corp,0001510295,000151029521000067,8-K,2021-05-04
MPC,Marathon Petroleum Corp,0001510295,000151029521000062,8-K,2021-05-04
MPC,Marathon Petroleum Corp,0001510295,000151029521000051,8-K,2021-03-23
MPC,Marathon Petroleum Corp,0001510295,000151029521000027,10-K,2021-02-26
MPC,Marathon Petroleum Corp,0001510295,000151029521000026,8-K,2021-02-26
MPC,Marathon Petroleum Corp,0001510295,000151029521000019,8-K,2021-02-02
MPC,Marathon Petroleum Corp,0001510295,000151029521000014,8-K,2021-01-25
MPC,Marathon Petroleum Corp,0001510295,000151029521000009,8-K,2021-01-13
MPC,Marathon Petroleum Corp,0001510295,000151029520000115,8-K,2020-11-18
MPC,Marathon Petroleum Corp,0001510295,000151029520000111,8-K,2020-11-13
MPC,Marathon Petroleum Corp,0001510295,000151029520000108,10-Q,2020-11-06
MPC,Marathon Petroleum Corp,0001510295,000151029520000107,8-K,2020-11-06
MPC,Marathon Petroleum Corp,0001510295,000151029520000102,8-K,2020-11-02
MPC,Marathon Petroleum Corp,0001510295,000151029520000098,8-K,2020-09-30
MPC,Marathon Petroleum Corp,0001510295,000151029520000095,8-K,2020-09-28
MPC,Marathon Petroleum Corp,0001510295,000151029520000083,10-Q,2020-08-03
MPC,Marathon Petroleum Corp,0001510295,000151029520000081,8-K,2020-08-03
MPC,Marathon Petroleum Corp,0001510295,000151029520000080,8-K,2020-08-03
MPC,Marathon Petroleum Corp,0001510295,000151029520000076,11-K,2020-06-26
MPC,Marathon Petroleum Corp,0001510295,000151029520000073,8-K,2020-06-15
MPC,Marathon Petroleum Corp,0001510295,000151029520000066,10-Q,2020-05-07
MPC,Marathon Petroleum Corp,0001510295,000151029520000062,8-K,2020-05-05
MPC,Marathon Petroleum Corp,0001510295,000151029520000059,8-K,2020-05-04
MPC,Marathon Petroleum Corp,0001510295,000151029520000051,8-K,2020-04-27
MPC,Marathon Petroleum Corp,0001510295,000151029520000048,8-K,2020-04-27
MPC,Marathon Petroleum Corp,0001510295,000151029520000042,8-K,2020-04-22
MPC,Marathon Petroleum Corp,0001510295,000151029520000023,8-K,2020-03-18
MPC,Marathon Petroleum Corp,0001510295,000151029520000006,10-K,2020-02-28
MPC,Marathon Petroleum Corp,0001510295,000151029520000002,8-K,2020-01-29
MPC,Marathon Petroleum Corp,0001510295,000151029519000148,8-K,2019-12-16
MPC,Marathon Petroleum Corp,0001510295,000151029519000144,10-Q,2019-11-04
MPC,Marathon Petroleum Corp,0001510295,000151029519000141,8-K,2019-11-01
MPC,Marathon Petroleum Corp,0001510295,000151029519000132,8-K,2019-10-31
MPC,Marathon Petroleum Corp,0001510295,000119312519257603,8-K,2019-09-27
MPC,Marathon Petroleum Corp,0001510295,000151029519000117,8-K,2019-09-03
MPC,Marathon Petroleum Corp,0001510295,000151029519000108,10-Q,2019-08-05
MPC,Marathon Petroleum Corp,0001510295,000151029519000097,8-K,2019-08-01
MPC,Marathon Petroleum Corp,0001510295,000151029519000094,8-K,2019-08-01
MPC,Marathon Petroleum Corp,0001510295,000151029519000089,8-K,2019-07-25
MPC,Marathon Petroleum Corp,0001510295,000151029519000084,11-K,2019-06-26
MPC,Marathon Petroleum Corp,0001510295,000151029519000083,11-K,2019-06-26
MPC,Marathon Petroleum Corp,0001510295,000151029519000078,8-K,2019-06-25
MPC,Marathon Petroleum Corp,0001510295,000151029519000064,8-K,2019-05-10
MPC,Marathon Petroleum Corp,0001510295,000151029519000051,10-Q,2019-05-09
MPC,Marathon Petroleum Corp,0001510295,000151029519000048,8-K,2019-05-09
MPC,Marathon Petroleum Corp,0001510295,000151029519000038,8-K,2019-05-08
MPC,Marathon Petroleum Corp,0001510295,000119312519140413,8-K,2019-05-08
MPC,Marathon Petroleum Corp,0001510295,000151029519000032,8-K,2019-04-26
MPC,Marathon Petroleum Corp,0001510295,000151029519000027,8-K,2019-04-01
MPC,Marathon Petroleum Corp,0001510295,000151029519000025,8-K,2019-03-18
MPC,Marathon Petroleum Corp,0001510295,000151029519000014,10-K,2019-02-28
MPC,Marathon Petroleum Corp,0001510295,000151029519000010,8-K,2019-02-07
MPC,Marathon Petroleum Corp,0001510295,000151029519000007,8-K,2019-01-30
MPC,Marathon Petroleum Corp,0001510295,000151029519000004,8-K,2019-01-07
PSX,Phillips 66,0001534701,000153470124000113,8-K,2024-05-17
PSX,Phillips 66,0001534701,000119312524125350,8-K,2024-04-30
PSX,Phillips 66,0001534701,000153470124000104,10-Q,2024-04-29
PSX,Phillips 66,0001534701,000153470124000101,8-K,2024-04-26
PSX,Phillips 66,0001534701,000153470124000097,8-K,2024-04-04
PSX,Phillips 66,0001534701,000119312524065930,8-K,2024-03-12
PSX,Phillips 66,0001534701,000119312524050838,8-K,2024-02-28
PSX,Phillips 66,0001534701,000153470124000078,10-K,2024-02-21
PSX,Phillips 66,0001534701,000153470124000068,8-K,2024-02-15
PSX,Phillips 66,0001534701,000153470124000030,8-K,2024-01-31
PSX,Phillips 66,0001534701,000153470123000148,10-Q,2023-11-03
PSX,Phillips 66,0001534701,000153470123000145,8-K,2023-10-27
PSX,Phillips 66,0001534701,000119312523263540,8-K,2023-10-26
PSX,Phillips 66,0001534701,000153470123000123,10-Q,2023-08-04
PSX,Phillips 66,0001534701,000153470123000115,8-K,2023-08-02
PSX,Phillips 66,0001534701,000153470123000107,11-K,2023-06-21
PSX,Phillips 66,0001534701,000119312523167467,8-K,2023-06-15
PSX,Phillips 66,0001534701,000119312523143600,8-K,2023-05-12
PSX,Phillips 66,0001534701,000153470123000080,10-Q,2023-05-04
PSX,Phillips 66,0001534701,000153470123000076,8-K,2023-05-03
PSX,Phillips 66,0001534701,000119312523083818,8-K,2023-03-29
PSX,Phillips 66,0001534701,000153470123000053,10-K,2023-02-22
PSX,Phillips 66,0001534701,000153470123000030,8-K,2023-01-31
PSX,Phillips 66,0001534701,000119312523003066,8-K,2023-01-06
PSX,Phillips 66,0001534701,000119312522301888,8-K,2022-12-09
PSX,Phillips 66,0001534701,000153470122000189,8-K,2022-11-09
PSX,Phillips 66,0001534701,000153470122000185,10-Q,2022-11-09
PSX,Phillips 66,0001534701,000153470122000176,8-K,2022-11-01
PSX,Phillips 66,0001534701,000119312522241013,8-K,2022-09-08
PSX,Phillips 66,0001534701,000119312522223707,8-K,2022-08-18
PSX,Phillips 66,0001534701,000153470122000143,10-Q,2022-07-29
PSX,Phillips 66,0001534701,000153470122000139,8-K,2022-07-29
PSX,Phillips 66,0001534701,000119312522192089,8-K,2022-07-13
PSX,Phillips 66,0001534701,000119312522181496,8-K,2022-06-24
PSX,Phillips 66,0001534701,000153470122000125,11-K,2022-06-21
PSX,Phillips 66,0001534701,000153470122000107,8-K,2022-05-13
PSX,Phillips 66,0001534701,000119312522142482,8-K,2022-05-05
PSX,Phillips 66,0001534701,000153470122000103,10-Q,2022-04-29
PSX,Phillips 66,0001534701,000153470122000100,8-K,2022-04-29
PSX,Phillips 66,0001534701,000119312522103000,8-K,2022-04-12
PSX,Phillips 66,0001534701,000153470122000078,10-K,2022-02-18
PSX,Phillips 66,0001534701,000153470122000037,8-K,2022-01-28
PSX,Phillips 66,0001534701,000153470121000220,8-K,2021-11-15
PSX,Phillips 66,0001534701,000153470121000217,8-K,2021-11-08
PSX,Phillips 66,0001534701,000153470121000209,10-Q,2021-10-29
PSX,Phillips 66,0001534701,000153470121000206,8-K,2021-10-29
PSX,Phillips 66,0001534701,000153470121000192,8-K,2021-10-27
PSX,Phillips 66,0001534701,000153470121000174,8-K,2021-10-07
PSX,Phillips 66,0001534701,000153470121000150,10-Q,2021-08-03
PSX,Phillips 66,0001534701,000153470121000148,8-K,2021-08-03
PSX,Phillips 66,0001534701,000153470121000143,8-K,2021-07-21
PSX,Phillips 66,0001534701,000153470121000133,8-K,2021-07-15
PSX,Phillips 66,0001534701,000153470121000128,11-K,2021-06-24
PSX,Phillips 66,0001534701,000153470121000125,8-K,2021-06-07
PSX,Phillips 66,0001534701,000153470121000116,8-K,2021-05-13
PSX,Phillips 66,0001534701,000153470121000106,10-Q,2021-04-30
PSX,Phillips 66,0001534701,000153470121000103,8-K,2021-04-30
PSX,Phillips 66,0001534701,000153470121000093,8-K,2021-04-05
PSX,Phillips 66,0001534701,000153470121000084,8-K,2021-03-09
PSX,Phillips 66,0001534701,000153470121000079,8-K,2021-03-01
PSX,Phillips 66,0001534701,000153470121000074,10-K,2021-02-24
PSX,Phillips 66,0001534701,000153470121000034,8-K,2021-01-29
PSX,Phillips 66,0001534701,000153470120000160,8-K,2020-11-23
PSX,Phillips 66,0001534701,000153470120000158,8-K,2020-11-18
PSX,Phillips 66,0001534701,000153470120000156,8-K,2020-11-12
PSX,Phillips 66,0001534701,000153470120000154,10-Q,2020-10-30
PSX,Phillips 66,0001534701,000153470120000151,8-K,2020-10-30
PSX,Phillips 66,0001534701,000153470120000142,8-K,2020-10-09
PSX,Phillips 66,0001534701,000153470120000133,8-K,2020-08-12
PSX,Phillips 66,0001534701,000153470120000120,10-Q,2020-07-31
PSX,Phillips 66,0001534701,000153470120000118,8-K,2020-07-31
PSX,Phillips 66,0001534701,000153470120000113,8-K,2020-07-23
PSX,Phillips 66,0001534701,000153470120000107,8-K,2020-07-08
PSX,Phillips 66,0001534701,000153470120000100,11-K,2020-06-22
PSX,Phillips 66,0001534701,000153470120000097,8-K,2020-06-10
PSX,Phillips 66,0001534701,000153470120000089,8-K,2020-05-08
PSX,Phillips 66,0001534701,000153470120000085,10-Q,2020-05-01
PSX,Phillips 66,0001534701,000153470120000083,8-K,2020-05-01
PSX,Phillips 66,0001534701,000153470120000080,8-K,2020-04-09
PSX,Phillips 66,0001534701,000153470120000078,8-K,2020-04-07
PSX,Phillips 66,0001534701,000153470120000075,8-K,2020-03-24
PSX,Phillips 66,0001534701,000153470120000070,10-K,2020-02-21
PSX,Phillips 66,0001534701,000153470120000036,8-K,2020-01-31
PSX,Phillips 66,0001534701,000153470119000135,10-Q,2019-10-25
PSX,Phillips 66,0001534701,000153470119000133,8-K,2019-10-25
PSX,Phillips 66,0001534701,000153470119000125,8-K,2019-10-07
PSX,Phillips 66,0001534701,000153470119000102,8-K,2019-08-01
PSX,Phillips 66,0001534701,000153470119000099,8-K,2019-08-01
PSX,Phillips 66,0001534701,000153470119000097,8-K,2019-07-26
PSX,Phillips 66,0001534701,000153470119000095,10-Q,2019-07-26
PSX,Phillips 66,0001534701,000153470119000092,8-K,2019-07-26
PSX,Phillips 66,0001534701,000153470119000087,11-K,2019-06-24
PSX,Phillips 66,0001534701,000153470119000075,8-K,2019-05-08
PSX,Phillips 66,0001534701,000153470119000072,10-Q,2019-04-30
PSX,Phillips 66,0001534701,000153470119000070,8-K,2019-04-30
PSX,Phillips 66,0001534701,000153470119000063,10-K,2019-02-22
PSX,Phillips 66,0001534701,000153470119000058,8-K,2019-02-08
OXY,OCCIDENTAL PETROLEUM CORP /DE/,0000797468,000079746824000095,10-Q,2024-05-07
OXY,OCCIDENTAL PETROLEUM CORP /DE/,0000797468,000079746824000093,8-K,2024-05-07
OXY,OCCIDENTAL PETROLEUM CORP /DE/,0000797468,000079746824000089,8-K,2024-05-06
OXY,OCCIDENTAL PETROLEUM CORP /DE/,0000797468,000079746824000083,8-K,2024-04-10
OXY,OCCIDENTAL PETROLEUM CORP /DE/,0000797468,000079746824000034,10-K,2024-02-14
OXY,OCCIDENTAL PETROLEUM CORP /DE/,0000797468,000079746824000033,8-K,2024-02-14
OXY,OCCIDENTAL PETROLEUM CORP /DE/,0000797468,000095015724000113,8-K,2024-02-05
OXY,OCCIDENTAL PETROLEUM CORP /DE/,0000797468,000079746824000005,8-K,2024-01-22
OXY,OCCIDENTAL PETROLEUM CORP /DE/,0000797468,000079746824000003,8-K,2024-01-10
OXY,OCCIDENTAL PETROLEUM CORP /DE/,0000797468,000095015723001280,8-K,2023-12-28
OXY,OCCIDENTAL PETROLEUM CORP /DE/,0000797468,000114036123057344,8-K,2023-12-12
OXY,OCCIDENTAL PETROLEUM CORP /DE/,0000797468,000079746823000092,10-Q,2023-11-07
OXY,OCCIDENTAL PETROLEUM CORP /DE/,0000797468,000079746823000091,8-K,2023-11-07
OXY,OCCIDENTAL PETROLEUM CORP /DE/,0000797468,000079746823000086,8-K,2023-10-10
OXY,OCCIDENTAL PETROLEUM CORP /DE/,0000797468,000079746823000078,8-K,2023-08-09
OXY,OCCIDENTAL PETROLEUM CORP /DE/,0000797468,000079746823000075,10-Q,2023-08-02
OXY,OCCIDENTAL PETROLEUM CORP /DE/,0000797468,000079746823000074,8-K,2023-08-02
OXY,OCCIDENTAL PETROLEUM CORP /DE/,0000797468,000079746823000069,11-K,2023-06-27
OXY,OCCIDENTAL PETROLEUM CORP /DE/,0000797468,000079746823000053,8-K,2023-05-11
OXY,OCCIDENTAL PETROLEUM CORP /DE/,0000797468,000079746823000032,10-Q,2023-05-09
OXY,OCCIDENTAL PETROLEUM CORP /DE/,0000797468,000079746823000030,8-K,2023-05-09
OXY,OCCIDENTAL PETROLEUM CORP /DE/,0000797468,000079746823000011,10-K,2023-02-27
OXY,OCCIDENTAL PETROLEUM CORP /DE/,0000797468,000079746823000009,8-K,2023-02-27
OXY,OCCIDENTAL PETROLEUM CORP /DE/,0000797468,000079746823000005,8-K,2023-02-22
OXY,OCCIDENTAL PETROLEUM CORP /DE/,0000797468,000114036123002320,8-K,2023-01-20
OXY,OCCIDENTAL PETROLEUM CORP /DE/,0000797468,000114036123000463,8-K,2023-01-04
OXY,OCCIDENTAL PETROLEUM CORP /DE/,0000797468,000079746822000036,10-Q,2022-11-08
OXY,OCCIDENTAL PETROLEUM CORP /DE/,0000797468,000079746822000035,8-K,2022-11-08
OXY,OCCIDENTAL PETROLEUM CORP /DE/,0000797468,000114036122035495,8-K,2022-09-30
OXY,OCCIDENTAL PETROLEUM CORP /DE/,0000797468,000079746822000030,10-Q,2022-08-02
OXY,OCCIDENTAL PETROLEUM CORP /DE/,0000797468,000079746822000029,8-K,2022-08-02
OXY,OCCIDENTAL PETROLEUM CORP /DE/,0000797468,000079746822000021,11-K,2022-06-28
OXY,OCCIDENTAL PETROLEUM CORP /DE/,0000797468,000114036122019251,8-K,2022-05-16
OXY,OCCIDENTAL PETROLEUM CORP /DE/,0000797468,000114036122018654,8-K,2022-05-11
OXY,OCCIDENTAL PETROLEUM CORP /DE/,0000797468,000079746822000018,10-Q,2022-05-10
OXY,OCCIDENTAL PETROLEUM CORP /DE/,0000797468,000079746822000017,8-K,2022-05-10
OXY,OCCIDENTAL PETROLEUM CORP /DE/,0000797468,000114036122010740,8-K,2022-03-23
OXY,OCCIDENTAL PETROLEUM CORP /DE/,0000797468,000114036122008070,8-K,2022-03-07
OXY,OCCIDENTAL PETROLEUM CORP /DE/,0000797468,000114036122006945,8-K,2022-02-28
OXY,OCCIDENTAL PETROLEUM CORP /DE/,0000797468,000079746822000008,10-K,2022-02-24
OXY,OCCIDENTAL PETROLEUM CORP /DE/,0000797468,000079746822000007,8-K,2022-02-24
OXY,OCCIDENTAL PETROLEUM CORP /DE/,0000797468,000095015721001251,8-K,2021-12-13
OXY,OCCIDENTAL PETROLEUM CORP /DE/,0000797468,000114036121040049,8-K,2021-12-02
OXY,OCCIDENTAL PETROLEUM CORP /DE/,0000797468,000079746821000036,10-Q,2021-11-04
OXY,OCCIDENTAL PETROLEUM CORP /DE/,0000797468,000079746821000035,8-K,2021-11-04
OXY,OCCIDENTAL PETROLEUM CORP /DE/,0000797468,000114036121031831,8-K,2021-09-20
OXY,OCCIDENTAL PETROLEUM CORP /DE/,0000797468,000114036121030620,8-K,2021-09-08
OXY,OCCIDENTAL PETROLEUM CORP /DE/,0000797468,000079746821000028,10-Q,2021-08-03
OXY,OCCIDENTAL PETROLEUM CORP /DE/,0000797468,000079746821000027,8-K,2021-08-03
OXY,OCCIDENTAL PETROLEUM CORP /DE/,0000797468,000114036121024443,8-K,2021-07-15
OXY,OCCIDENTAL PETROLEUM CORP /DE/,0000797468,000114036121022638,8-K,2021-06-29
OXY,OCCIDENTAL PETROLEUM CORP /DE/,0000797468,000079746821000020,11-K,2021-06-28
OXY,OCCIDENTAL PETROLEUM CORP /DE/,0000797468,000114036121016664,8-K,2021-05-10
OXY,OCCIDENTAL PETROLEUM CORP /DE/,0000797468,000079746821000017,10-Q,2021-05-10
OXY,OCCIDENTAL PETROLEUM CORP /DE/,0000797468,000079746821000016,8-K,2021-05-10
OXY,OCCIDENTAL PETROLEUM CORP /DE/,0000797468,000079746821000009,10-K,2021-02-26
OXY,OCCIDENTAL PETROLEUM CORP /DE/,0000797468,000079746821000005,8-K,2021-02-22
OXY,OCCIDENTAL PETROLEUM CORP /DE/,0000797468,000114036121004400,8-K,2021-02-11
OXY,OCCIDENTAL PETROLEUM CORP /DE/,0000797468,000114036121004140,8-K,2021-02-10
OXY,OCCIDENTAL PETROLEUM CORP /DE/,0000797468,000114036120029193,8-K,2020-12-22
OXY,OCCIDENTAL PETROLEUM CORP /DE/,0000797468,000114036120027684,8-K,2020-12-08
OXY,OCCIDENTAL PETROLEUM CORP /DE/,0000797468,000114036120027553,8-K,2020-12-07
OXY,OCCIDENTAL PETROLEUM CORP /DE/,0000797468,000079746820000033,10-Q,2020-11-09
OXY,OCCIDENTAL PETROLEUM CORP /DE/,0000797468,000079746820000032,8-K,2020-11-09
OXY,OCCIDENTAL PETROLEUM CORP /DE/,0000797468,000114036120020924,8-K,2020-09-21
OXY,OCCIDENTAL PETROLEUM CORP /DE/,0000797468,000114036120019096,8-K,2020-08-26
OXY,OCCIDENTAL PETROLEUM CORP /DE/,0000797468,000114036120018915,8-K,2020-08-24
OXY,OCCIDENTAL PETROLEUM CORP /DE/,0000797468,000114036120018270,8-K,2020-08-13
OXY,OCCIDENTAL PETROLEUM CORP /DE/,0000797468,000079746820000027,10-Q,2020-08-10
OXY,OCCIDENTAL PETROLEUM CORP /DE/,0000797468,000079746820000026,8-K,2020-08-10
OXY,OCCIDENTAL PETROLEUM CORP /DE/,0000797468,000114036120017320,8-K,2020-08-03
OXY,OCCIDENTAL PETROLEUM CORP /DE/,0000797468,000114036120017176,8-K,2020-07-31
OXY,OCCIDENTAL PETROLEUM CORP /DE/,0000797468,000114036120016673,8-K,2020-07-27
OXY,OCCIDENTAL PETROLEUM CORP /DE/,0000797468,000114036120016017,8-K,2020-07-15
OXY,OCCIDENTAL PETROLEUM CORP /DE/,0000797468,000114036120015887,8-K,2020-07-13
OXY,OCCIDENTAL PETROLEUM CORP /DE/,0000797468,000079746820000017,11-K,2020-06-29
OXY,OCCIDENTAL PETROLEUM CORP /DE/,0000797468,000114036120014675,8-K,2020-06-25
OXY,OCCIDENTAL PETROLEUM CORP /DE/,0000797468,000114036120012988,8-K,2020-06-03
OXY,OCCIDENTAL PETROLEUM CORP /DE/,0000797468,000114036120012186,8-K,2020-05-21
OXY,OCCIDENTAL PETROLEUM CORP /DE/,0000797468,000079746820000010,10-Q,2020-05-06
OXY,OCCIDENTAL PETROLEUM CORP /DE/,0000797468,000079746820000008,8-K,2020-05-05
OXY,OCCIDENTAL PETROLEUM CORP /DE/,0000797468,000114036120008878,8-K,2020-04-15
OXY,OCCIDENTAL PETROLEUM CORP /DE/,0000797468,000114036120007995,8-K,2020-04-03
OXY,OCCIDENTAL PETROLEUM CORP /DE/,0000797468,000114036120007832,8-K,2020-04-02
OXY,OCCIDENTAL PETROLEUM CORP /DE/,0000797468,000114036120006849,8-K,2020-03-25
OXY,OCCIDENTAL PETROLEUM CORP /DE/,0000797468,000114036120006632,8-K,2020-03-24
OXY,OCCIDENTAL PETROLEUM CORP /DE/,0000797468,000114036120005683,8-K,2020-03-13
OXY,OCCIDENTAL PETROLEUM CORP /DE/,0000797468,000079746820000004,10-K,2020-02-28
OXY,OCCIDENTAL PETROLEUM CORP /DE/,0000797468,000110465920026174,8-K,2020-02-27
OXY,OCCIDENTAL PETROLEUM CORP /DE/,0000797468,000114036120002770,8-K,2020-02-11
OXY,OCCIDENTAL PETROLEUM CORP /DE/,0000797468,000114036120000411,8-K,2020-01-07
OXY,OCCIDENTAL PETROLEUM CORP /DE/,0000797468,000079746819000016,10-Q,2019-11-04
OXY,OCCIDENTAL PETROLEUM CORP /DE/,0000797468,000110465919059568,8-K,2019-11-04
OXY,OCCIDENTAL PETROLEUM CORP /DE/,0000797468,000114036119018395,8-K,2019-10-15
OXY,OCCIDENTAL PETROLEUM CORP /DE/,0000797468,000114036119016990,8-K,2019-09-19
OXY,OCCIDENTAL PETROLEUM CORP /DE/,0000797468,000114036119016945,8-K,2019-09-19
OXY,OCCIDENTAL PETROLEUM CORP /DE/,0000797468,000114036119015828,8-K,2019-08-30
OXY,OCCIDENTAL PETROLEUM CORP /DE/,0000797468,000114036119014971,8-K,2019-08-13
OXY,OCCIDENTAL PETROLEUM CORP /DE/,0000797468,000114036119014611,8-K,2019-08-08
OXY,OCCIDENTAL PETROLEUM CORP /DE/,0000797468,000095015719000864,8-K,2019-08-08
OXY,OCCIDENTAL PETROLEUM CORP /DE/,0000797468,000095015719000836,8-K,2019-08-05
OXY,OCCIDENTAL PETROLEUM CORP /DE/,0000797468,000114036119013932,8-K,2019-08-01
OXY,OCCIDENTAL PETROLEUM CORP /DE/,0000797468,000079746819000012,10-Q,2019-07-31
OXY,OCCIDENTAL PETROLEUM CORP /DE/,0000797468,000110465919043003,8-K,2019-07-31
OXY,OCCIDENTAL PETROLEUM CORP /DE/,0000797468,000114036119012908,8-K,2019-07-15
OXY,OCCIDENTAL PETROLEUM CORP /DE/,0000797468,000079746819000009,11-K,2019-06-28
OXY,OCCIDENTAL PETROLEUM CORP /DE/,0000797468,000110465919028664,8-K,2019-05-10
OXY,OCCIDENTAL PETROLEUM CORP /DE/,0000797468,000095015719000572,8-K,2019-05-10
OXY,OCCIDENTAL PETROLEUM CORP /DE/,0000797468,000079746819000007,10-Q,2019-05-06
OXY,OCCIDENTAL PETROLEUM CORP /DE/,0000797468,000095015719000537,8-K,2019-05-06
OXY,OCCIDENTAL PETROLEUM CORP /DE/,0000797468,000110465919026944,8-K,2019-05-06
OXY,OCCIDENTAL PETROLEUM CORP /DE/,0000797468,000095015719000529,8-K,2019-05-03
OXY,OCCIDENTAL PETROLEUM CORP /DE/,0000797468,000095015719000473,8-K,2019-04-24
OXY,OCCIDENTAL PETROLEUM CORP /DE/,0000797468,000079746819000004,10-K,2019-02-21
OXY,OCCIDENTAL PETROLEUM CORP /DE/,0000797468,000110465919007510,8-K,2019-02-12
OXY,OCCIDENTAL PETROLEUM CORP /DE/,0000797468,000119312519003760,8-K,2019-01-07
VLO,VALERO ENERGY CORP/TX,0001035002,000119312524142857,8-K,2024-05-20
VLO,VALERO ENERGY CORP/TX,0001035002,000119312524126374,8-K,2024-05-01
VLO,VALERO ENERGY CORP/TX,0001035002,000103500224000022,10-Q,2024-04-25
VLO,VALERO ENERGY CORP/TX,0001035002,000103500224000020,8-K,2024-04-25
VLO,VALERO ENERGY CORP/TX,0001035002,000103500224000007,10-K,2024-02-22
VLO,VALERO ENERGY CORP/TX,0001035002,000103500224000004,8-K,2024-01-25
VLO,VALERO ENERGY CORP/TX,0001035002,000119312523276044,8-K,2023-11-13
VLO,VALERO ENERGY CORP/TX,0001035002,000103500223000110,10-Q,2023-10-26
VLO,VALERO ENERGY CORP/TX,0001035002,000103500223000108,8-K,2023-10-26
VLO,VALERO ENERGY CORP/TX,0001035002,000119312523236169,8-K,2023-09-15
VLO,VALERO ENERGY CORP/TX,0001035002,000103500223000103,10-Q,2023-07-27
VLO,VALERO ENERGY CORP/TX,0001035002,000103500223000101,8-K,2023-07-27
VLO,VALERO ENERGY CORP/TX,0001035002,000119312523191449,8-K,2023-07-21
VLO,VALERO ENERGY CORP/TX,0001035002,000103500223000091,11-K,2023-06-23
VLO,VALERO ENERGY CORP/TX,0001035002,000103500223000090,11-K,2023-06-23
VLO,VALERO ENERGY CORP/TX,0001035002,000119312523142878,8-K,2023-05-12
VLO,VALERO ENERGY CORP/TX,0001035002,000103500223000054,10-Q,2023-04-27
VLO,VALERO ENERGY CORP/TX,0001035002,000103500223000052,8-K,2023-04-27
VLO,VALERO ENERGY CORP/TX,0001035002,000103500223000027,10-K,2023-02-23
VLO,VALERO ENERGY CORP/TX,0001035002,000103500223000010,8-K,2023-01-26
VLO,VALERO ENERGY CORP/TX,0001035002,000119312522291119,8-K,2022-11-22
VLO,VALERO ENERGY CORP/TX,0001035002,000119312522273954,8-K,2022-10-31
VLO,VALERO ENERGY CORP/TX,0001035002,000103500222000049,10-Q,2022-10-26
VLO,VALERO ENERGY CORP/TX,0001035002,000103500222000047,8-K,2022-10-25
VLO,VALERO ENERGY CORP/TX,0001035002,000119312522251319,8-K,2022-09-26
VLO,VALERO ENERGY CORP/TX,0001035002,000103500222000044,10-Q,2022-07-28
VLO,VALERO ENERGY CORP/TX,0001035002,000103500222000043,8-K,2022-07-28
VLO,VALERO ENERGY CORP/TX,0001035002,000119312522189546,8-K,2022-07-07
VLO,VALERO ENERGY CORP/TX,0001035002,000103500222000037,11-K,2022-06-24
VLO,VALERO ENERGY CORP/TX,0001035002,000103500222000035,11-K,2022-06-24
VLO,VALERO ENERGY CORP/TX,0001035002,000119312522164616,8-K,2022-06-01
VLO,VALERO ENERGY CORP/TX,0001035002,000119312522138946,8-K,2022-05-04
VLO,VALERO ENERGY CORP/TX,0001035002,000103500222000024,10-Q,2022-04-28
VLO,VALERO ENERGY CORP/TX,0001035002,000103500222000021,8-K,2022-04-26
VLO,VALERO ENERGY CORP/TX,0001035002,000119312522079486,8-K,2022-03-18
VLO,VALERO ENERGY CORP/TX,0001035002,000103500222000007,10-K,2022-02-22
VLO,VALERO ENERGY CORP/TX,0001035002,000119312522029643,8-K,2022-02-07
VLO,VALERO ENERGY CORP/TX,0001035002,000103500222000003,8-K,2022-01-27
VLO,VALERO ENERGY CORP/TX,0001035002,000119312521342310,8-K,2021-11-29
VLO,VALERO ENERGY CORP/TX,0001035002,000119312521336823,8-K,2021-11-22
VLO,VALERO ENERGY CORP/TX,0001035002,000119312521333297,8-K,2021-11-18
VLO,VALERO ENERGY CORP/TX,0001035002,000103500221000118,10-Q,2021-10-27
VLO,VALERO ENERGY CORP/TX,0001035002,000103500221000115,8-K,2021-10-21
VLO,VALERO ENERGY CORP/TX,0001035002,000119312521276162,8-K,2021-09-17
VLO,VALERO ENERGY CORP/TX,0001035002,000119312521268387,8-K,2021-09-09
VLO,VALERO ENERGY CORP/TX,0001035002,000103500221000102,10-Q,2021-07-29
VLO,VALERO ENERGY CORP/TX,0001035002,000103500221000100,8-K,2021-07-29
VLO,VALERO ENERGY CORP/TX,0001035002,000103500221000093,11-K,2021-06-25
VLO,VALERO ENERGY CORP/TX,0001035002,000103500221000091,11-K,2021-06-25
VLO,VALERO ENERGY CORP/TX,0001035002,000119312521178737,8-K,2021-06-01
VLO,VALERO ENERGY CORP/TX,0001035002,000119312521150168,8-K,2021-05-04
VLO,VALERO ENERGY CORP/TX,0001035002,000103500221000068,10-Q,2021-04-30
VLO,VALERO ENERGY CORP/TX,0001035002,000103500221000064,8-K,2021-04-22
VLO,VALERO ENERGY CORP/TX,0001035002,000119312521109599,8-K,2021-04-08
VLO,VALERO ENERGY CORP/TX,0001035002,000119312521063652,8-K,2021-03-01
VLO,VALERO ENERGY CORP/TX,0001035002,000103500221000051,10-K,2021-02-23
VLO,VALERO ENERGY CORP/TX,0001035002,000119312521022709,8-K,2021-01-29
VLO,VALERO ENERGY CORP/TX,0001035002,000103500221000012,8-K,2021-01-28
VLO,VALERO ENERGY CORP/TX,0001035002,000119312520292280,8-K,2020-11-13
VLO,VALERO ENERGY CORP/TX,0001035002,000103500220000053,10-Q,2020-10-28
VLO,VALERO ENERGY CORP/TX,0001035002,000103500220000048,8-K,2020-10-22
VLO,VALERO ENERGY CORP/TX,0001035002,000119312520243113,8-K,2020-09-10
VLO,VALERO ENERGY CORP/TX,0001035002,000103500220000041,10-Q,2020-07-31
VLO,VALERO ENERGY CORP/TX,0001035002,000103500220000038,8-K,2020-07-30
VLO,VALERO ENERGY CORP/TX,0001035002,000119312520175729,8-K,2020-06-22
VLO,VALERO ENERGY CORP/TX,0001035002,000103500220000034,11-K,2020-06-22
VLO,VALERO ENERGY CORP/TX,0001035002,000103500220000033,11-K,2020-06-22
VLO,VALERO ENERGY CORP/TX,0001035002,000119312520159093,8-K,2020-06-03
VLO,VALERO ENERGY CORP/TX,0001035002,000119312520133245,8-K,2020-05-05
VLO,VALERO ENERGY CORP/TX,0001035002,000103500220000016,10-Q,2020-04-29
VLO,VALERO ENERGY CORP/TX,0001035002,000103500220000014,8-K,2020-04-29
VLO,VALERO ENERGY CORP/TX,0001035002,000119312520109325,8-K,2020-04-16
VLO,VALERO ENERGY CORP/TX,0001035002,000103500220000011,8-K,2020-04-13
VLO,VALERO ENERGY CORP/TX,0001035002,000119312520105027,8-K,2020-04-13
VLO,VALERO ENERGY CORP/TX,0001035002,000119312520059123,8-K,2020-03-02
VLO,VALERO ENERGY CORP/TX,0001035002,000119312520057746,8-K,2020-03-02
VLO,VALERO ENERGY CORP/TX,0001035002,000103500220000007,10-K,2020-02-26
VLO,VALERO ENERGY CORP/TX,0001035002,000103500220000004,8-K,2020-01-30
VLO,VALERO ENERGY CORP/TX,0001035002,000119312520014910,8-K,2020-01-27
VLO,VALERO ENERGY CORP/TX,0001035002,000119312519320890,8-K,2019-12-20
VLO,VALERO ENERGY CORP/TX,0001035002,000103500219000047,10-Q,2019-11-07
VLO,VALERO ENERGY CORP/TX,0001035002,000103500219000043,8-K,2019-10-24
VLO,VALERO ENERGY CORP/TX,0001035002,000119312519226338,8-K,2019-08-22
VLO,VALERO ENERGY CORP/TX,0001035002,000103500219000035,8-K,2019-07-25
VLO,VALERO ENERGY CORP/TX,0001035002,000103500219000031,11-K,2019-06-24
VLO,VALERO ENERGY CORP/TX,0001035002,000103500219000030,11-K,2019-06-24
VLO,VALERO ENERGY CORP/TX,0001035002,000119312519145573,8-K,2019-05-14
VLO,VALERO ENERGY CORP/TX,0001035002,000103500219000025,10-Q,2019-05-07
VLO,VALERO ENERGY CORP/TX,0001035002,000119312519132506,8-K,2019-05-01
VLO,VALERO ENERGY CORP/TX,0001035002,000103500219000010,8-K,2019-04-25
VLO,VALERO ENERGY CORP/TX,0001035002,000119312519085305,8-K,2019-03-25
VLO,VALERO ENERGY CORP/TX,0001035002,000119312519079633,8-K,2019-03-19
VLO,VALERO ENERGY CORP/TX,0001035002,000103500219000008,10-K,2019-02-28
VLO,VALERO ENERGY CORP/TX,0001035002,000119312519032217,8-K,2019-02-08
VLO,VALERO ENERGY CORP/TX,0001035002,000103500219000002,8-K,2019-01-31
VLO,VALERO ENERGY CORP/TX,0001035002,000114036119000669,8-K,2019-01-10
HES,HESS CORP,0000004447,000119312524143377,8-K,2024-05-21
HES,HESS CORP,0000004447,000119312524141717,8-K,2024-05-17
HES,HESS CORP,0000004447,000162828024021077,10-Q,2024-05-07
HES,HESS CORP,0000004447,000119312524128172,8-K,2024-05-02
HES,HESS CORP,0000004447,000162828024017828,8-K,2024-04-25
HES,HESS CORP,0000004447,000119312524063665,8-K,2024-03-08
HES,HESS CORP,0000004447,000119312524046379,8-K,2024-02-27
HES,HESS CORP,0000004447,000162828024006845,10-K,2024-02-26
HES,HESS CORP,0000004447,000162828024002641,8-K,2024-01-31
HES,HESS CORP,0000004447,000119312523291209,8-K,2023-12-08
HES,HESS CORP,0000004447,000162828023036393,10-Q,2023-11-02
HES,HESS CORP,0000004447,000162828023035036,8-K,2023-10-25
HES,HESS CORP,0000004447,000119312523260801,8-K,2023-10-23
HES,HESS CORP,0000004447,000119312523260283,8-K,2023-10-23
HES,HESS CORP,0000004447,000162828023027253,10-Q,2023-08-03
HES,HESS CORP,0000004447,000162828023025624,8-K,2023-07-26
HES,HESS CORP,0000004447,000162828023021277,11-K,2023-06-07
HES,HESS CORP,0000004447,000119312523148149,8-K,2023-05-18
HES,HESS CORP,0000004447,000162828023015437,10-Q,2023-05-04
HES,HESS CORP,0000004447,000162828023013054,8-K,2023-04-26
HES,HESS CORP,0000004447,000119312523056345,8-K,2023-03-01
HES,HESS CORP,0000004447,000162828023005059,10-K,2023-02-24
HES,HESS CORP,0000004447,000162828023001514,8-K,2023-01-25
HES,HESS CORP,0000004447,000162828022028196,10-Q,2022-11-03
HES,HESS CORP,0000004447,000162828022027020,8-K,2022-10-26
HES,HESS CORP,0000004447,000162828022021084,10-Q,2022-08-04
HES,HESS CORP,0000004447,000162828022019490,8-K,2022-07-27
HES,HESS CORP,0000004447,000119312522194975,8-K,2022-07-15
HES,HESS CORP,0000004447,000162828022017148,11-K,2022-06-14
HES,HESS CORP,0000004447,000119312522162379,8-K,2022-05-27
HES,HESS CORP,0000004447,000162828022012659,10-Q,2022-05-05
HES,HESS CORP,0000004447,000162828022010677,8-K,2022-04-27
HES,HESS CORP,0000004447,000119312522066094,8-K,2022-03-04
HES,HESS CORP,0000004447,000162828022004524,10-K,2022-03-01
HES,HESS CORP,0000004447,000119312522025864,8-K,2022-02-02
HES,HESS CORP,0000004447,000162828022001275,8-K,2022-01-26
HES,HESS CORP,0000004447,000162828021021768,10-Q,2021-11-04
HES,HESS CORP,0000004447,000162828021020571,8-K,2021-10-27
HES,HESS CORP,0000004447,000119312521293154,8-K,2021-10-06
HES,HESS CORP,0000004447,000162828021015850,10-Q,2021-08-05
HES,HESS CORP,0000004447,000162828021014621,8-K,2021-07-28
HES,HESS CORP,0000004447,000119312521181328,8-K,2021-06-03
HES,HESS CORP,0000004447,000162828021011588,11-K,2021-06-03
HES,HESS CORP,0000004447,000162828021009296,10-Q,2021-05-06
HES,HESS CORP,0000004447,000162828021007814,8-K,2021-04-28
HES,HESS CORP,0000004447,000119312521114776,8-K,2021-04-13
HES,HESS CORP,0000004447,000119312521069571,8-K,2021-03-04
HES,HESS CORP,0000004447,000162828021003531,10-K,2021-03-01
HES,HESS CORP,0000004447,000162828021000833,8-K,2021-01-27
HES,HESS CORP,0000004447,000119312520327685,8-K,2020-12-28
HES,HESS CORP,0000004447,000162828020015747,10-Q,2020-11-05
HES,HESS CORP,0000004447,000119312520285578,8-K,2020-11-04
HES,HESS CORP,0000004447,000162828020014914,8-K,2020-10-28
HES,HESS CORP,0000004447,000162828020011992,10-Q,2020-08-06
HES,HESS CORP,0000004447,000162828020010757,8-K,2020-07-29
HES,HESS CORP,0000004447,000156459020029360,11-K,2020-06-15
HES,HESS CORP,0000004447,000119312520162246,8-K,2020-06-05
HES,HESS CORP,0000004447,000156459020022922,10-Q,2020-05-07
HES,HESS CORP,0000004447,000156459020022366,8-K,2020-05-07
HES,HESS CORP,0000004447,000119312520076111,8-K,2020-03-17
HES,HESS CORP,0000004447,000119312520065102,8-K,2020-03-06
HES,HESS CORP,0000004447,000156459020005545,10-K,2020-02-20
HES,HESS CORP,0000004447,000156459020002376,8-K,2020-01-29
HES,HESS CORP,0000004447,000119312519288456,8-K,2019-11-08
HES,HESS CORP,0000004447,000119312519287379,8-K,2019-11-07
HES,HESS CORP,0000004447,000156459019041724,10-Q,2019-11-07
HES,HESS CORP,0000004447,000156459019038507,8-K,2019-10-30
HES,HESS CORP,0000004447,000156459019029357,10-Q,2019-08-06
HES,HESS CORP,0000004447,000156459019027209,8-K,2019-07-31
HES,HESS CORP,0000004447,000119312519168286,8-K,2019-06-07
HES,HESS CORP,0000004447,000156459019021910,11-K,2019-06-06
HES,HESS CORP,0000004447,000156459019014806,10-Q,2019-05-01
HES,HESS CORP,0000004447,000156459019012887,8-K,2019-04-25
HES,HESS CORP,0000004447,000119312519115071,8-K,2019-04-23
HES,HESS CORP,0000004447,000119312519069296,8-K,2019-03-08
HES,HESS CORP,0000004447,000156459019003671,10-K,2019-02-21
HES,HESS CORP,0000004447,000156459019001338,8-K,2019-01-30
DVN,DEVON ENERGY CORP/DE,0001090012,000095017024051757,10-Q,2024-05-02
DVN,DEVON ENERGY CORP/DE,0001090012,000119312524127511,8-K,2024-05-01
DVN,DEVON ENERGY CORP/DE,0001090012,000095017024021781,10-K,2024-02-28
DVN,DEVON ENERGY CORP/DE,0001090012,000119312524047938,8-K,2024-02-27
DVN,DEVON ENERGY CORP/DE,0001090012,000119312524012990,8-K,2024-01-23
DVN,DEVON ENERGY CORP/DE,0001090012,000095017023060838,10-Q,2023-11-08
DVN,DEVON ENERGY CORP/DE,0001090012,000119312523272434,8-K,2023-11-07
DVN,DEVON ENERGY CORP/DE,0001090012,000095017023036885,10-Q,2023-08-02
DVN,DEVON ENERGY CORP/DE,0001090012,000119312523200559,8-K,2023-08-01
DVN,DEVON ENERGY CORP/DE,0001090012,000119312523165308,8-K,2023-06-12
DVN,DEVON ENERGY CORP/DE,0001090012,000095017023019312,10-Q,2023-05-09
DVN,DEVON ENERGY CORP/DE,0001090012,000119312523138262,8-K,2023-05-08
DVN,DEVON ENERGY CORP/DE,0001090012,000119312523082221,8-K,2023-03-28
DVN,DEVON ENERGY CORP/DE,0001090012,000095017023002852,10-K,2023-02-15
DVN,DEVON ENERGY CORP/DE,0001090012,000119312523039127,8-K,2023-02-14
DVN,DEVON ENERGY CORP/DE,0001090012,000119312523000790,8-K,2023-01-03
DVN,DEVON ENERGY CORP/DE,0001090012,000095017022021074,10-Q,2022-11-02
DVN,DEVON ENERGY CORP/DE,0001090012,000095017022020850,8-K,2022-11-01
DVN,DEVON ENERGY CORP/DE,0001090012,000119312522245999,8-K,2022-09-16
DVN,DEVON ENERGY CORP/DE,0001090012,000095017022013790,10-Q,2022-08-02
DVN,DEVON ENERGY CORP/DE,0001090012,000119312522208563,8-K,2022-08-01
DVN,DEVON ENERGY CORP/DE,0001090012,000119312522171962,8-K,2022-06-10
DVN,DEVON ENERGY CORP/DE,0001090012,000095017022007007,10-Q,2022-05-03
DVN,DEVON ENERGY CORP/DE,0001090012,000119312522136770,8-K,2022-05-02
DVN,DEVON ENERGY CORP/DE,0001090012,000119312522067950,8-K,2022-03-07
DVN,DEVON ENERGY CORP/DE,0001090012,000156459022005321,10-K,2022-02-16
DVN,DEVON ENERGY CORP/DE,0001090012,000119312522043405,8-K,2022-02-15
DVN,DEVON ENERGY CORP/DE,0001090012,000119312521347845,8-K,2021-12-03
DVN,DEVON ENERGY CORP/DE,0001090012,000156459021053780,10-Q,2021-11-03
DVN,DEVON ENERGY CORP/DE,0001090012,000119312521316952,8-K,2021-11-02
DVN,DEVON ENERGY CORP/DE,0001090012,000156459021040600,10-Q,2021-08-04
DVN,DEVON ENERGY CORP/DE,0001090012,000119312521234972,8-K,2021-08-03
DVN,DEVON ENERGY CORP/DE,0001090012,000119312521188364,8-K,2021-06-11
DVN,DEVON ENERGY CORP/DE,0001090012,000119312521186766,8-K,2021-06-09
DVN,DEVON ENERGY CORP/DE,0001090012,000119312521170852,8-K,2021-05-24
DVN,DEVON ENERGY CORP/DE,0001090012,000119312521155769,8-K,2021-05-10
DVN,DEVON ENERGY CORP/DE,0001090012,000156459021023786,10-Q,2021-05-05
DVN,DEVON ENERGY CORP/DE,0001090012,000119312521150039,8-K,2021-05-04
DVN,DEVON ENERGY CORP/DE,0001090012,000119312521077818,8-K,2021-03-11
DVN,DEVON ENERGY CORP/DE,0001090012,000119312521071495,8-K,2021-03-05
DVN,DEVON ENERGY CORP/DE,0001090012,000156459021006239,10-K,2021-02-17
DVN,DEVON ENERGY CORP/DE,0001090012,000119312521045354,8-K,2021-02-17
DVN,DEVON ENERGY CORP/DE,0001090012,000119312521014783,8-K,2021-01-22
DVN,DEVON ENERGY CORP/DE,0001090012,000119312521011469,8-K,2021-01-19
DVN,DEVON ENERGY CORP/DE,0001090012,000119312521004318,8-K,2021-01-07
DVN,DEVON ENERGY CORP/DE,0001090012,000119312520330300,8-K,2020-12-31
DVN,DEVON ENERGY CORP/DE,0001090012,000119312520324314,8-K,2020-12-22
DVN,DEVON ENERGY CORP/DE,0001090012,000156459020049203,10-Q,2020-10-30
DVN,DEVON ENERGY CORP/DE,0001090012,000119312520281183,8-K,2020-10-29
DVN,DEVON ENERGY CORP/DE,0001090012,000119312520262518,8-K,2020-10-02
DVN,DEVON ENERGY CORP/DE,0001090012,000119312520255422,8-K,2020-09-28
DVN,DEVON ENERGY CORP/DE,0001090012,000156459020036568,10-Q,2020-08-05
DVN,DEVON ENERGY CORP/DE,0001090012,000119312520209396,8-K,2020-08-04
DVN,DEVON ENERGY CORP/DE,0001090012,000119312520161458,8-K,2020-06-05
DVN,DEVON ENERGY CORP/DE,0001090012,000156459020028379,11-K,2020-06-04
DVN,DEVON ENERGY CORP/DE,0001090012,000156459020021639,10-Q,2020-05-06
DVN,DEVON ENERGY CORP/DE,0001090012,000156459020021326,8-K,2020-05-05
DVN,DEVON ENERGY CORP/DE,0001090012,000156459020016686,8-K,2020-04-14
DVN,DEVON ENERGY CORP/DE,0001090012,000156459020005182,10-K,2020-02-19
DVN,DEVON ENERGY CORP/DE,0001090012,000119312520040578,8-K,2020-02-18
DVN,DEVON ENERGY CORP/DE,0001090012,000119312519317560,8-K,2019-12-18
DVN,DEVON ENERGY CORP/DE,0001090012,000156459019040774,10-Q,2019-11-06
DVN,DEVON ENERGY CORP/DE,0001090012,000119312519284744,8-K,2019-11-05
DVN,DEVON ENERGY CORP/DE,0001090012,000119312519245839,8-K,2019-09-16
DVN,DEVON ENERGY CORP/DE,0001090012,000156459019029786,10-Q,2019-08-07
DVN,DEVON ENERGY CORP/DE,0001090012,000119312519214098,8-K,2019-08-06
DVN,DEVON ENERGY CORP/DE,0001090012,000119312519188543,8-K,2019-07-03
DVN,DEVON ENERGY CORP/DE,0001090012,000119312519184415,8-K,2019-06-27
DVN,DEVON ENERGY CORP/DE,0001090012,000119312519167194,8-K,2019-06-06
DVN,DEVON ENERGY CORP/DE,0001090012,000156459019021742,11-K,2019-06-05
DVN,DEVON ENERGY CORP/DE,0001090012,000119312519162861,8-K,2019-05-31
DVN,DEVON ENERGY CORP/DE,0001090012,000156459019014637,10-Q,2019-05-01
DVN,DEVON ENERGY CORP/DE,0001090012,000119312519129498,8-K,2019-04-30
DVN,DEVON ENERGY CORP/DE,0001090012,000156459019003382,10-K,2019-02-20
DVN,DEVON ENERGY CORP/DE,0001090012,000119312519044388,8-K,2019-02-19
MRO,MARATHON OIL CORP,0000101778,000010177824000106,8-K,2024-05-23
MRO,MARATHON OIL CORP,0000101778,000010177824000099,10-Q,2024-05-02
MRO,MARATHON OIL CORP,0000101778,000010177824000094,8-K,2024-05-01
MRO,MARATHON OIL CORP,0000101778,000119312524080616,8-K,2024-03-28
MRO,MARATHON OIL CORP,0000101778,000010177824000027,8-K,2024-03-01
MRO,MARATHON OIL CORP,0000101778,000010177824000023,10-K,2024-02-22
MRO,MARATHON OIL CORP,0000101778,000010177824000019,8-K,2024-02-21
MRO,MARATHON OIL CORP,0000101778,000010177823000146,10-Q,2023-11-02
MRO,MARATHON OIL CORP,0000101778,000010177823000143,8-K,2023-11-01
MRO,MARATHON OIL CORP,0000101778,000010177823000129,8-K,2023-10-27
MRO,MARATHON OIL CORP,0000101778,000010177823000107,10-Q,2023-08-03
MRO,MARATHON OIL CORP,0000101778,000010177823000104,8-K,2023-08-02
MRO,MARATHON OIL CORP,0000101778,000010177823000099,8-K,2023-05-25
MRO,MARATHON OIL CORP,0000101778,000010177823000096,10-Q,2023-05-04
MRO,MARATHON OIL CORP,0000101778,000010177823000092,8-K,2023-05-03
MRO,MARATHON OIL CORP,0000101778,000010177823000043,8-K,2023-02-24
MRO,MARATHON OIL CORP,0000101778,000010177823000030,10-K,2023-02-16
MRO,MARATHON OIL CORP,0000101778,000010177823000023,8-K,2023-02-15
MRO,MARATHON OIL CORP,0000101778,000010177823000003,8-K,2023-01-03
MRO,MARATHON OIL CORP,0000101778,000010177822000218,8-K,2022-11-29
MRO,MARATHON OIL CORP,0000101778,000010177822000196,8-K,2022-11-07
MRO,MARATHON OIL CORP,0000101778,000010177822000192,10-Q,2022-11-03
MRO,MARATHON OIL CORP,0000101778,000010177822000189,8-K,2022-11-02
MRO,MARATHON OIL CORP,0000101778,000010177822000183,8-K,2022-10-31
MRO,MARATHON OIL CORP,0000101778,000010177822000168,10-Q,2022-08-04
MRO,MARATHON OIL CORP,0000101778,000010177822000166,8-K,2022-08-03
MRO,MARATHON OIL CORP,0000101778,000010177822000161,8-K,2022-08-02
MRO,MARATHON OIL CORP,0000101778,000010177822000127,8-K,2022-05-31
MRO,MARATHON OIL CORP,0000101778,000010177822000118,10-Q,2022-05-05
MRO,MARATHON OIL CORP,0000101778,000010177822000112,8-K,2022-05-04
MRO,MARATHON OIL CORP,0000101778,000010177822000087,8-K,2022-03-11
MRO,MARATHON OIL CORP,0000101778,000010177822000037,8-K,2022-02-28
MRO,MARATHON OIL CORP,0000101778,000010177822000021,8-K,2022-02-22
MRO,MARATHON OIL CORP,0000101778,000010177822000016,10-K,2022-02-17
MRO,MARATHON OIL CORP,0000101778,000010177822000013,8-K,2022-02-16
MRO,MARATHON OIL CORP,0000101778,000010177821000109,10-Q,2021-11-04
MRO,MARATHON OIL CORP,0000101778,000010177821000106,8-K,2021-11-03
MRO,MARATHON OIL CORP,0000101778,000010177821000102,8-K,2021-09-23
MRO,MARATHON OIL CORP,0000101778,000010177821000099,10-Q,2021-08-05
MRO,MARATHON OIL CORP,0000101778,000010177821000096,8-K,2021-08-04
MRO,MARATHON OIL CORP,0000101778,000010177821000093,8-K,2021-06-23
MRO,MARATHON OIL CORP,0000101778,000010177821000086,8-K,2021-05-26
MRO,MARATHON OIL CORP,0000101778,000010177821000083,10-Q,2021-05-06
MRO,MARATHON OIL CORP,0000101778,000010177821000080,8-K,2021-05-05
MRO,MARATHON OIL CORP,0000101778,000010177821000075,8-K,2021-04-20
MRO,MARATHON OIL CORP,0000101778,000010177821000061,8-K,2021-03-17
MRO,MARATHON OIL CORP,0000101778,000010177821000018,10-K,2021-02-23
MRO,MARATHON OIL CORP,0000101778,000010177821000013,8-K,2021-02-22
MRO,MARATHON OIL CORP,0000101778,000010177821000003,8-K,2021-01-11
MRO,MARATHON OIL CORP,0000101778,000010177820000117,8-K,2020-12-08
MRO,MARATHON OIL CORP,0000101778,000010177820000113,8-K,2020-12-02
MRO,MARATHON OIL CORP,0000101778,000010177820000111,10-Q,2020-11-05
MRO,MARATHON OIL CORP,0000101778,000010177820000107,8-K,2020-11-04
MRO,MARATHON OIL CORP,0000101778,000010177820000103,10-Q,2020-08-06
MRO,MARATHON OIL CORP,0000101778,000010177820000098,8-K,2020-08-05
MRO,MARATHON OIL CORP,0000101778,000010177820000096,8-K,2020-07-17
MRO,MARATHON OIL CORP,0000101778,000010177820000092,8-K,2020-07-13
MRO,MARATHON OIL CORP,0000101778,000010177820000086,8-K,2020-06-01
MRO,MARATHON OIL CORP,0000101778,000010177820000081,10-Q,2020-05-07
MRO,MARATHON OIL CORP,0000101778,000010177820000078,8-K,2020-05-06
MRO,MARATHON OIL CORP,0000101778,000010177820000072,8-K,2020-05-01
MRO,MARATHON OIL CORP,0000101778,000010177820000023,10-K,2020-02-20
MRO,MARATHON OIL CORP,0000101778,000010177820000020,8-K,2020-02-12
MRO,MARATHON OIL CORP,0000101778,000010177819000113,10-Q,2019-11-07
MRO,MARATHON OIL CORP,0000101778,000010177819000110,8-K,2019-11-06
MRO,MARATHON OIL CORP,0000101778,000010177819000103,8-K,2019-10-03
MRO,MARATHON OIL CORP,0000101778,000010177819000100,8-K,2019-09-24
MRO,MARATHON OIL CORP,0000101778,000010177819000098,8-K,2019-09-12
MRO,MARATHON OIL CORP,0000101778,000010177819000095,8-K,2019-08-14
MRO,MARATHON OIL CORP,0000101778,000010177819000093,10-Q,2019-08-08
MRO,MARATHON OIL CORP,0000101778,000010177819000091,8-K,2019-08-07
MRO,MARATHON OIL CORP,0000101778,000010177819000085,8-K,2019-07-03
MRO,MARATHON OIL CORP,0000101778,000010177819000077,8-K,2019-05-30
MRO,MARATHON OIL CORP,0000101778,000010177819000070,10-Q,2019-05-02
MRO,MARATHON OIL CORP,0000101778,000010177819000067,8-K,2019-05-01
MRO,MARATHON OIL CORP,0000101778,000010177819000032,8-K,2019-02-28
MRO,MARATHON OIL CORP,0000101778,000010177819000022,10-K,2019-02-21
MRO,MARATHON OIL CORP,0000101778,000010177819000020,8-K,2019-02-13
MRO,MARATHON OIL CORP,0000101778,000010177819000016,8-K,2019-01-30
